insert into Teacher values('T0001','Guru 1','087762889091','2-22-1990','L','Lorem ipsum dolor sit amet, consectetur adipiscing elit','')
insert into Teacher values('T0002','Guru 2','087762889092','2-22-1990','L','Lorem ipsum dolor sit amet, consectetur adipiscing elit','')
insert into Teacher values('T0003','Guru 3','087762889093','2-22-1990','L','Lorem ipsum dolor sit amet, consectetur adipiscing elit','')
insert into Teacher values('T0004','Guru 4','087762889094','2-22-1990','L','Lorem ipsum dolor sit amet, consectetur adipiscing elit','')
insert into Teacher values('T0005','Guru 5','087762889095','2-22-1990','L','Lorem ipsum dolor sit amet, consectetur adipiscing elit','')
insert into Teacher values('T0006','Guru 6','087762889096','2-22-1990','P','Lorem ipsum dolor sit amet, consectetur adipiscing elit','')
insert into Teacher values('T0007','Guru 7','087762889097','2-22-1990','P','Lorem ipsum dolor sit amet, consectetur adipiscing elit','')
insert into Teacher values('T0008','Guru 8','087762889098','2-22-1990','P','Lorem ipsum dolor sit amet, consectetur adipiscing elit','')
insert into Teacher values('T0009','Guru 9','087762889099','2-22-1990','P','Lorem ipsum dolor sit amet, consectetur adipiscing elit','')
insert into Teacher values('T0010','Guru 10','087762889010','2-22-1990','P','Lorem ipsum dolor sit amet, consectetur adipiscing elit','')


insert into [Subject] values('S0001','Subject 1','80','81','82','120','1')
insert into [Subject] values('S0002','Subject 2','81','82','83','121','2')
insert into [Subject] values('S0003','Subject 3','82','83','84','122','3')
insert into [Subject] values('S0004','Subject 4','83','84','85','123','1')
insert into [Subject] values('S0005','Subject 5','84','85','86','124','2')

insert into Class values('XA','1')
insert into Class values('XIB','2')
insert into Class values('XIIC','3')

insert into Student values('0001','Murid 1','Lorem ipsum dolor sit amet, consectetur adipiscing elit','L','1-2-2000','087762889091','')
insert into Student values('0002','Murid 2','Lorem ipsum dolor sit amet, consectetur adipiscing elit','L','1-1-2000','087762889092','')
insert into Student values('0003','Murid 3','Lorem ipsum dolor sit amet, consectetur adipiscing elit','L','1-1-2000','087762889093','')
insert into Student values('0004','Murid 4','Lorem ipsum dolor sit amet, consectetur adipiscing elit','L','1-1-2000','087762889094','')
insert into Student values('0005','Murid 5','Lorem ipsum dolor sit amet, consectetur adipiscing elit','L','1-1-2000','087762889095','')
insert into Student values('0006','Murid 6','Lorem ipsum dolor sit amet, consectetur adipiscing elit','P','1-1-2000','087762889096','')
insert into Student values('0007','Murid 7','Lorem ipsum dolor sit amet, consectetur adipiscing elit','P','1-1-2000','087762889097','')
insert into Student values('0008','Murid 8','Lorem ipsum dolor sit amet, consectetur adipiscing elit','P','1-1-2000','087762889098','')
insert into Student values('0009','Murid 9','Lorem ipsum dolor sit amet, consectetur adipiscing elit','P','1-1-2000','087762889099','')
insert into Student values('0010','Murid 10','Lorem ipsum dolor sit amet, consectetur adipiscing elit','P','1-1-2000','087762889010','')

insert into [User] values('1','0001','M12000','1')
insert into [User] values('2','0002','M22000','1')
insert into [User] values('3','0003','M32000','1')
insert into [User] values('4','0004','M42000','1')
insert into [User] values('5','0005','M52000','1')
insert into [User] values('6','0006','M62000','1')
insert into [User] values('7','0007','M72000','1')
insert into [User] values('8','0008','M82000','1')
insert into [User] values('9','0009','M92000','1')
insert into [User] values('10','0010','M02000','1')
insert into [User] values('11','T0001','G11990','2')
insert into [User] values('12','T0002','G21990','2')
insert into [User] values('13','T0003','G31990','2')
insert into [User] values('14','T0004','G41990','2')
insert into [User] values('15','T0005','G51990','2')
insert into [User] values('16','T0006','G61990','2')
insert into [User] values('17','T0007','G71990','2')
insert into [User] values('18','T0008','G81990','2')
insert into [User] values('19','T0009','G91990','2')
insert into [User] values('20','T0010','G01990','2')
insert into [User] values('21','admin','admin','3')

insert into HeaderSchedule values('1','XA','0')
insert into HeaderSchedule values('2','XIB','0')
insert into HeaderSchedule values('3','XIIC','0')


insert into Shift values('1','7:30 AM')
insert into Shift values('2','1:30 PM')

insert into DetailSchedule values('1','1','S0001','T0001','1','Senin')
insert into DetailSchedule values('2','2','S0002','T0002','2','Selasa')
insert into DetailSchedule values('3','3','S0003','T0003','1','Rabu')


insert into DetailClass values('1','XA','00001')
insert into DetailClass values('2','XA','00002')
insert into DetailClass values('3','XA','00003')
insert into DetailClass values('4','XIB','00004')
insert into DetailClass values('5','XIB','00005')
insert into DetailClass values('6','XIB','00006')
insert into DetailClass values('7','XIB','00007')
insert into DetailClass values('8','XIIC','00008')
insert into DetailClass values('9','XIIC','00009')
insert into DetailClass values('10','XIIC','00010')

insert into Expertise values('1','T0001','S0001')
insert into Expertise values('2','T0002','S0002')
insert into Expertise values('3','T0003','S0003')
insert into Expertise values('4','T0004','S0004')
insert into Expertise values('5','T0005','S0005')
insert into Expertise values('6','T0006','S0001')
insert into Expertise values('7','T0007','S0002')
insert into Expertise values('8','T0008','S0003')
insert into Expertise values('9','T0009','S0004')
insert into Expertise values('10','T0010','S0005')